metric,n,mean_w0,mean_w001,delta,delta_pct,wilcoxon_stat,p_value
probability_coverage_ratio,5,0.28316940718186745,0.2910710337997557,0.007901626617888236,2.790423830217423,1.0,0.125
efficiency_ratio,5,0.6445441002132387,0.6412806200809469,-0.0032634801322918294,-0.5063237924623235,6.0,0.8125
recovery_time,5,481.4,11227.4,10746.0,2232.2393020357295,1.0,0.125
recovery_coverage_at_end,5,1.0,0.2,-0.8,-80.0,0.0,0.125
